CustomerId,CustomerTypeId,CustomerRelationshipTypeId,DateOfBirth,CustomerEstablishedDate,IsActive,FirstName,LastName,Gender,PrimaryPhone,SecondaryPhone,PrimaryEmail,SecondaryEmail,CreatedBy
CID-001,Individual,VIP,1960-03-18,2021-02-08,True,Tsehayetu,Abera,Female,(940) 555-0117,,tsehayetu@contoso.com,,Sales
CID-002,Government,Local,1960-01-14,2018-05-19,False,Antra,Abola,Female,(808) 555-0161,,antra@contoso.com,,Services
CID-003,Business,SMB,1964-12-28,2020-09-22,True,Ida,Abolina,Female,(980) 555-0166,,ida@contoso.com,,Sales
CID-004,Individual,Standard,1996-05-11,2019-03-11,True,Deniz,Acar,Male,(636) 555-0166,(859) 555-0230,deniz@contoso.com,,Sales
CID-005,Individual,Premium,1976-12-07,2019-05-24,True,Guner,Aktas,Male,(805) 555-0160,,guner@contoso.com,,Sales
CID-006,Individual,VIP,1950-04-29,2018-09-30,True,Danaite,Alemseged,Female,(551) 555-0193,,danaite@contoso.com,,Sales
CID-007,Individual,Standard,1986-02-01,2021-01-27,True,Asmerom,Ambaye,Male,(661) 555-0195,(717) 555-0286,asmerom@contoso.com,,Sales
CID-008,Business,SMB,1957-12-30,2018-04-14,True,Kiana,Anderson,Female,(616) 555-0120,,kiana@contoso.com,,Sales
CID-009,Individual,Standard,1964-10-02,2021-05-22,False,Jakob,Anhalt,Male,(501) 555-0112,,jakob@contoso.com,,Sales
CID-010,Business,Partner,1986-02-03,2020-02-01,True,Elisabeth,Arcouet,Female,(937) 555-0173,,elisabeth@contoso.com,,Sales
CID-011,Individual,Premium,1953-04-29,2020-02-26,True,Enric,Argilaguet,Male,(763) 555-0103,,enric@contoso.com,,Sales
CID-012,Government,State,1970-05-12,2018-06-14,True,Ernest,Arquimbau,Male,(940) 555-0169,,ernest@contoso.com,,Services
CID-013,Business,SMB,1955-09-10,2020-05-02,True,Murat,Arslan,Male,(757) 555-0132,,murat@contoso.com,,Sales
CID-014,Individual,Standard,1960-04-05,2019-06-04,False,Winta,Asemelash,Female,(252) 555-0107,,winta@contoso.com,,Sales
CID-015,Individual,Standard,1950-03-13,2018-10-11,True,Gokce,Aslan,Female,(906) 555-0136,,gokce@contoso.com,,Sales
CID-016,Individual,Standard,1969-02-04,2019-06-01,True,Abbi,Atkins,Female,(336) 555-0121,,abbi@contoso.com,abbi@fabrikam.com,Sales
CID-017,Individual,VIP,1962-09-16,2019-10-19,True,Diana,Aunina,Male,(360) 555-0120,(364) 555-0200,diana@contoso.com,,Sales
CID-018,Individual,Premium,1953-09-15,2019-09-05,True,Nils,Aunins,Female,(434) 555-0134,,nils@contoso.com,,Sales
CID-019,Individual,VIP,1975-04-12,2018-06-13,True,Claude,Aupry,Male,(405) 555-0104,(386) 555-0238,claude@contoso.com,,Sales
CID-020,Individual,VIP,1941-05-11,2018-03-05,True,Hasan,Aydin,Male,(513) 555-0145,,hasan@contoso.com,,Sales
CID-021,Individual,Premium,1960-08-31,2021-01-19,True,Jonas,Baar,Male,(701) 555-0147,,jonas@contoso.com,jonas@fabrikam.com,Sales
CID-022,Individual,Premium,1935-02-25,2021-02-14,True,Anna,Baginska,Female,(786) 555-0155,,anna@contoso.com,,Sales
CID-023,Individual,VIP,1995-11-08,2018-09-24,True,Georgijs,Baltins,Male,(714) 555-0128,,georgijs@contoso.com,,Sales
CID-024,Individual,Premium,1924-05-19,2021-03-09,True,Malik,Barden,Male,(470) 555-0176,,malik@contoso.com,,Sales
CID-025,Individual,Standard,1989-11-02,2018-09-03,True,Carmelo,Barese,Male,(816) 555-0117,,carmelo@contoso.com,,Sales
CID-026,Business,SMB,1958-01-26,2019-01-30,True,Rebecca,Baresi,Female,(907) 555-0107,,rebecca@contoso.com,,Sales
CID-027,Individual,Standard,1993-05-05,2019-04-21,True,Genevieve,Beauchesne,Female,(706) 555-0137,,genevieve@contoso.com,,Sales
CID-028,Individual,VIP,1976-01-09,2020-09-03,True,Claude,Beaulieu,Female,(678) 555-0126,,claude@contoso.com,,Sales
CID-029,Individual,Premium,1929-11-10,2021-04-22,True,Robin,Becker,Male,(934) 555-0111,,robin@contoso.com,,Sales
CID-030,Individual,Standard,1981-01-24,2020-11-09,True,Noel,Belisle,Male,(959) 555-0190,,noel@contoso.com,,Sales
CID-031,Individual,Premium,1964-06-13,2019-07-12,True,Omar,Bennett,Male,(331) 555-0173,,omar@contoso.com,,Sales
CID-032,Individual,Premium,1952-09-09,2020-10-14,True,Kahsay,Bereket,Male,(628) 555-0194,,kahsay@contoso.com,kahsay@fabrikam.com,Sales
CID-033,Individual,Standard,1962-02-11,2020-06-01,True,Eden,Berhe,Female,(586) 555-0115,(561) 555-0259,eden@contoso.com,,Sales
CID-034,Government,Local,1996-11-28,2018-05-27,True,Marie,Berthelette,Female,(878) 555-0112,(757) 555-0283,marie@contoso.com,,Services
CID-035,Government,State,1996-09-02,2019-10-28,True,Pol,Bertolich,Male,(973) 555-0174,,pol@contoso.com,,Services
CID-036,Business,SMB,1990-08-25,2021-08-20,True,Francesca,Bianchi,Female,(714) 555-0120,,francesca@contoso.com,,Sales
CID-037,Individual,Premium,1965-08-28,2019-09-12,True,Jausma,Bite,Male,(973) 555-0185,,jausma@contoso.com,,Sales
CID-038,Individual,Premium,1991-11-05,2020-03-30,True,Ales,Bizjak,Male,(636) 555-0130,,ales@contoso.com,,Sales
CID-039,Individual,VIP,1981-06-05,2020-05-13,True,Jana,Blazkova,Female,(505) 555-0148,,jana@contoso.com,jana@fabrikam.com,Sales
CID-040,Individual,Premium,1986-12-05,2019-08-05,True,Emma,Blug,Female,(707) 555-0178,,emma@contoso.com,,Services
CID-041,Individual,Premium,1928-08-13,2020-10-19,True,Gilbert,Bonsaint,Male,(904) 555-0157,(715) 555-0256,gilbert@contoso.com,,Sales
CID-042,Individual,VIP,1970-03-26,2019-11-26,True,Wojciech,Borkowski,Male,(203) 555-0179,(316) 555-0252,wojciech@contoso.com,,Sales
CID-043,Individual,Standard,1959-02-08,2021-06-05,True,Maurice,Boule,Male,(731) 555-0184,,maurice@contoso.com,,Sales
CID-044,Government,Local,1954-01-06,2021-01-30,True,Alexis,Bourgeois,Female,(520) 555-0109,(737) 555-0241,alexis@contoso.com,,Services
CID-045,Individual,Standard,1983-08-28,2021-12-11,True,Archie,Boyle,Male,(240) 555-0167,,archie@contoso.com,,Sales
CID-046,Individual,Premium,1951-09-13,2021-05-24,True,Tomaz,Bozic,Male,(331) 555-0128,(402) 555-0227,tomaz@contoso.com,tomaz@fabrikam.com,Sales
CID-047,Individual,Premium,1974-05-10,2019-02-11,True,Danielle,Brasseur,Female,(225) 555-0142,,danielle@contoso.com,danielle@fabrikam.com,Sales
CID-048,Individual,Premium,1972-06-28,2019-02-03,True,Amala,Braun,Female,(385) 555-0160,,amala@contoso.com,,Sales
CID-049,Individual,Standard,1956-10-25,2019-12-16,True,Leonie,Briegel,Female,(612) 555-0119,,leonie@contoso.com,,Sales
CID-050,Individual,Standard,1976-10-10,2019-12-05,True,Quincy,Brooks,Male,(312) 555-0182,,quincy@contoso.com,,Sales
CID-051,Government,Local,1946-07-31,2020-01-31,True,Angel,Brown,Female,(574) 555-0197,,angel@contoso.com,angel@fabrikam.com,Services
CID-052,Business,SMB,1997-12-07,2019-05-14,True,Camille,Brunelle,Female,(707) 555-0127,(917) 555-0225,camille@contoso.com,,Sales
CID-053,Government,State,1986-11-17,2020-08-31,True,Filippa,Bruno,Female,(731) 555-0162,(213) 555-0237,filippa@contoso.com,,Sales
CID-054,Business,SMB,1959-02-28,2018-03-23,True,Yuksel,Bulut,Male,(315) 555-0120,,yuksel@contoso.com,,Sales
CID-055,Individual,Standard,1954-03-16,2019-08-27,True,Pavel,Bures,Male,(918) 555-0149,(816) 555-0241,pavel@contoso.com,,Sales
CID-056,Government,Federal,1969-07-10,2020-02-11,True,Jaroslava,Buresova,Female,(860) 555-0141,(818) 555-0271,jaroslava@contoso.com,jaroslava@fabrikam.com,Services
CID-057,Individual,Standard,1965-12-28,2020-06-21,True,Victoria,Burke,Female,(636) 555-0124,,victoria@contoso.com,,Services
CID-058,Individual,Premium,1962-06-04,2018-12-31,True,Klaus,Buzov,Male,(216) 555-0174,,klaus@contoso.com,,Sales
CID-059,Individual,Premium,1963-02-04,2018-06-12,True,Martin,Cahua,Male,(970) 555-0110,,martin@contoso.com,,Sales
CID-060,Individual,Standard,1982-12-22,2020-12-07,True,Tuna,Cakir,Male,(716) 555-0117,,tuna@contoso.com,,Sales
CID-061,Individual,Premium,1998-06-26,2019-05-26,True,Quinn,Campbell,Female,(615) 555-0154,,quinn@contoso.com,,Sales
CID-062,Individual,VIP,1981-02-14,2021-09-14,True,Seyhan,Can,Male,(706) 555-0181,(614) 555-0211,seyhan@contoso.com,,Sales
CID-063,Business,Partner,1934-04-27,2018-04-26,True,Sam,Cantrell,Female,(386) 555-0120,,sam@contoso.com,,Sales
CID-064,Individual,Standard,1987-07-29,2020-07-29,True,Cataldo,Capon,Male,(563) 555-0186,,cataldo@contoso.com,,Sales
CID-065,Individual,VIP,1993-03-11,2018-12-03,True,Christian,Cartier,Male,(325) 555-0188,(415) 555-0279,christian@contoso.com,,Sales
CID-066,Individual,Premium,1973-02-14,2020-05-30,True,Pere,Castellsegui,Male,(706) 555-0173,(417) 555-0253,pere@contoso.com,,Sales
CID-067,Individual,Standard,1995-01-03,2020-01-07,True,Gianni,Castiglione,Male,(337) 555-0170,,gianni@contoso.com,,Sales
CID-068,Business,SMB,1960-07-29,2020-04-19,True,Hanife,Celik,Female,(909) 555-0164,,hanife@contoso.com,,Sales
CID-069,Individual,VIP,1947-02-15,2018-05-27,True,Izabella,Celma,Male,(586) 555-0175,,izabella@contoso.com,,Sales
CID-070,Government,Local,1977-11-27,2021-09-08,True,Sarmis,Celms,Male,(775) 555-0146,,sarmis@contoso.com,,Services
CID-071,Business,SMB,1955-08-28,2019-03-19,True,Hana,Cermakova,Female,(769) 555-0192,,hana@contoso.com,,Sales
CID-072,Individual,Premium,1952-05-27,2020-04-16,True,Ivana,Cervenkova,Female,(585) 555-0149,,ivana@contoso.com,,Sales
CID-073,Individual,Standard,1927-09-05,2020-11-02,True,Hacer,Cetin,Female,(503) 555-0132,,hacer@contoso.com,,Sales
CID-074,Business,SMB,1945-10-28,2020-07-31,True,Alain,Charon,Male,(325) 555-0142,(940) 555-0227,alain@contoso.com,,Sales
CID-075,Business,SMB,1965-03-17,2018-10-14,True,Alexandre,Chauvin,Male,(763) 555-0111,,alexandre@contoso.com,,Sales
CID-076,Business,SMB,1987-02-15,2019-12-21,True,Josef,Cizek,Male,(985) 555-0119,,josef@contoso.com,josef@fabrikam.com,Sales
CID-077,Business,SMB,1972-08-28,2021-02-11,True,Hailey,Clark,Female,(805) 555-0137,,hailey@contoso.com,,Sales
CID-078,Individual,Standard,1982-05-08,2019-04-25,True,Bartomeu,Collelldemont,Male,(561) 555-0127,,bartomeu@contoso.com,,Sales
CID-079,Individual,Premium,1953-02-20,2018-01-22,True,Diego,Conticini,Male,(708) 555-0189,(920) 555-0277,diego@contoso.com,diego@fabrikam.com,Sales
CID-080,Individual,Standard,1970-12-21,2021-10-04,True,Hayden,Cook,Female,(430) 555-0112,(929) 555-0266,hayden@contoso.com,hayden@fabrikam.com,Sales
CID-081,Business,SMB,1943-04-14,2019-11-14,False,Liane,Cormier,Female,(979) 555-0148,,liane@contoso.com,,Services
CID-082,Individual,VIP,1969-07-17,2020-06-24,True,Pupetta,Costa,Female,(816) 555-0165,,pupetta@contoso.com,,Sales
CID-083,Individual,Premium,1979-04-09,2018-11-16,True,Gilbert,Coupart,Male,(978) 555-0153,,gilbert@contoso.com,,Services
CID-084,Individual,Premium,1977-06-21,2018-05-06,True,Ingrid,Cranz,Female,(248) 555-0174,(786) 555-0250,ingrid@contoso.com,,Services
CID-085,Individual,Standard,1975-08-11,2018-10-04,True,Maciej,Czarnecki,Male,(608) 555-0119,(310) 555-0252,maciej@contoso.com,,Sales
CID-086,Individual,Standard,1929-08-21,2021-05-12,True,Joanna,Dabrowska,Female,(209) 555-0128,,joanna@contoso.com,,Sales
CID-087,Business,SMB,1981-06-11,2018-07-13,True,Mikolaj,Dabrowski,Male,(985) 555-0189,,mikolaj@contoso.com,,Sales
CID-088,Individual,Standard,1966-12-06,2019-11-27,True,Beca,Davies,Female,(769) 555-0183,(414) 555-0288,beca@contoso.com,beca@fabrikam.com,Sales
CID-089,Business,SMB,1935-06-19,2021-08-02,True,Alain,Davignon,Male,(508) 555-0154,,alain@contoso.com,,Sales
CID-090,Individual,Standard,1982-12-25,2018-02-26,True,Liam,Davis,Male,(601) 555-0145,,liam@contoso.com,,Sales
CID-091,Individual,Standard,1984-06-22,2021-08-19,True,Benito,Dellucci,Male,(831) 555-0106,,benito@contoso.com,benito@fabrikam.com,Sales
CID-092,Business,SMB,1966-10-08,2021-04-01,True,Merve,Demir,Female,(308) 555-0158,(573) 555-0256,merve@contoso.com,,Services
CID-093,Business,SMB,1966-02-01,2018-01-19,True,Isabelle,Deniger,Female,(847) 555-0155,,isabelle@contoso.com,isabelle@fabrikam.com,Sales
CID-094,Individual,Standard,1986-01-13,2021-10-25,True,Montserrat,Desriols,Female,(615) 555-0152,,montserrat@contoso.com,,Sales
CID-095,Business,SMB,1977-07-02,2018-09-21,True,Esteve,Desvalls,Male,(781) 555-0187,,esteve@contoso.com,,Sales
CID-096,Individual,Premium,1932-10-18,2020-03-04,True,Gabriel,Diaz,Male,(904) 555-0172,,gabriel@contoso.com,,Sales
CID-097,Individual,Premium,1957-07-12,2018-04-23,True,Vlasta,Divisova,Female,(702) 555-0183,(715) 555-0233,vlasta@contoso.com,,Sales
CID-098,Individual,Standard,1988-03-27,2021-09-12,True,Fadime,Dogan,Female,(979) 555-0180,(562) 555-0242,fadime@contoso.com,,Sales
CID-099,Individual,Premium,1993-09-07,2019-06-26,True,Rene,Dolejsi,Female,(847) 555-0194,,rene@contoso.com,,Sales
CID-100,Individual,Premium,1958-02-12,2019-10-09,True,Albert,Dubois,Male,(512) 555-0156,(361) 555-0293,albert@contoso.com,,Sales
CID-101,Individual,Standard,1949-12-30,2019-08-02,True,Maciej,Dudek,Male,(914) 555-0178,,maciej@contoso.com,,Services
CID-102,Individual,VIP,1952-11-07,2020-12-24,True,Ewa,Dudzinska,Female,(432) 555-0193,(209) 555-0223,ewa@contoso.com,,Sales
CID-103,Individual,VIP,1983-04-06,2021-08-08,True,Daina,Dumina,Male,(934) 555-0152,,daina@contoso.com,,Sales
CID-104,Individual,Standard,1973-03-31,2018-01-25,False,Laimonis,Dumins,Male,(512) 555-0111,,laimonis@contoso.com,,Sales
CID-105,Government,Local,1957-11-18,2018-01-01,True,Audrey,Dumoulin,Female,(929) 555-0163,(951) 555-0231,audrey@contoso.com,,Services
CID-106,Individual,Premium,1976-12-13,2020-06-29,True,Coralie,Duperre,Female,(213) 555-0197,,coralie@contoso.com,coralie@fabrikam.com,Sales
CID-107,Individual,Premium,1948-10-19,2018-02-06,True,Aline,Dupuy,Female,(361) 555-0157,,aline@contoso.com,aline@fabrikam.com,Services
CID-108,Business,SMB,1942-08-29,2018-05-21,True,Dominique,Dutertre,Male,(972) 555-0119,(218) 555-0298,dominique@contoso.com,,Sales
CID-109,Individual,Standard,1967-03-12,2019-10-10,True,Zdenek,Dvorak,Male,(314) 555-0187,(714) 555-0230,zdenek@contoso.com,,Sales
CID-110,Individual,Standard,1981-03-22,2018-07-07,True,Niks,Dzenis,Female,(316) 555-0114,,niks@contoso.com,,Sales
CID-111,Individual,Premium,1958-11-03,2021-02-25,True,Logan,Edwards,Male,(410) 555-0102,(301) 555-0203,logan@contoso.com,logan@fabrikam.com,Sales
CID-112,Individual,Premium,1948-03-29,2018-01-01,True,Simons,Eglitis,Female,(979) 555-0139,(937) 555-0274,simons@contoso.com,,Sales
CID-113,Government,Local,1984-01-07,2019-07-01,True,Werner,Eitner,Male,(364) 555-0139,,werner@contoso.com,,Services
CID-114,Business,SMB,1969-05-31,2018-07-13,True,Daniel,Elfyn,Male,(832) 555-0155,,daniel@contoso.com,,Sales
CID-115,Individual,Premium,1975-04-05,2019-12-04,True,Bethan,Elis,Female,(501) 555-0163,,bethan@contoso.com,,Sales
CID-116,Business,SMB,1955-04-28,2018-04-14,True,Turgay,Elmas,Male,(425) 555-0193,,turgay@contoso.com,,Sales
CID-117,Business,SMB,1950-03-09,2021-07-12,True,Elke,Endemann,Female,(320) 555-0159,(878) 555-0200,elke@contoso.com,,Sales
CID-118,Individual,Premium,1946-02-04,2020-03-12,True,YishaK,Epherem,Male,(573) 555-0138,,yishak@contoso.com,,Sales
CID-119,Business,Premier,1965-04-06,2020-07-30,True,Tatjana,Erjavec,Female,(252) 555-0148,,tatjana@contoso.com,,Sales
CID-120,Individual,Premium,1948-03-26,2018-01-04,True,Quarantino,Esposito,Male,(520) 555-0112,,quarantino@contoso.com,,Sales
CID-121,Business,SMB,1934-03-13,2019-02-18,True,Jamie,Evans,Female,(270) 555-0125,,jamie@contoso.com,,Sales
CID-122,Business,SMB,1978-01-03,2021-10-13,True,Giselle,Faber,Female,(413) 555-0103,,giselle@contoso.com,,Sales
CID-123,Individual,Standard,1963-07-10,2021-01-03,True,Giorgia,Fanucci,Female,(806) 555-0181,,giorgia@contoso.com,,Sales
CID-124,Individual,Premium,1985-02-23,2021-10-10,True,Amleset,Fitwi,Female,(636) 555-0187,,amleset@contoso.com,amleset@fabrikam.com,Sales
CID-125,Individual,Standard,1961-09-30,2020-06-28,True,Annette,Flamand,Female,(937) 555-0101,,annette@contoso.com,,Sales
CID-126,Individual,Standard,1952-08-07,2018-07-07,True,Elizabeth,Flores,Female,(256) 555-0110,,elizabeth@contoso.com,,Sales
CID-127,Business,SMB,1997-07-06,2021-08-06,True,Sara,Folgueroles,Female,(434) 555-0161,(262) 555-0273,sara@contoso.com,,Sales
CID-128,Business,SMB,1974-09-28,2018-02-14,True,Carme,Fontbernat,Female,(719) 555-0109,,carme@contoso.com,,Services
CID-129,Individual,Standard,1962-05-31,2018-03-24,True,Michal,Formanek,Male,(541) 555-0123,,michal@contoso.com,,Sales
CID-130,Individual,Standard,1987-08-04,2021-02-20,True,Renata,Fuchsova,Female,(503) 555-0159,(860) 555-0220,renata@contoso.com,,Services
CID-131,Individual,Standard,1931-11-10,2018-12-24,True,Isabel,Garcia,Female,(602) 555-0164,(253) 555-0232,isabel@contoso.com,,Sales
CID-132,Individual,Standard,1985-10-29,2020-12-25,True,Amelie,Garner,Female,(862) 555-0194,,amelie@contoso.com,,Sales
CID-133,Individual,VIP,1969-09-01,2020-07-24,True,Niklas,Gasper,Male,(478) 555-0152,,niklas@contoso.com,niklas@fabrikam.com,Sales
CID-134,Individual,Premium,1991-11-12,2019-01-10,True,Hiwot,Gebre Gergis,Female,(708) 555-0197,,hiwot@contoso.com,,Sales
CID-135,Government,State,1979-12-25,2018-06-11,True,Aberehet,Gebre Tsadik,Female,(915) 555-0121,(660) 555-0253,aberehet@contoso.com,,Services
CID-136,Individual,Premium,1952-05-12,2021-11-04,True,Lelia,Genovese,Female,(417) 555-0147,(567) 555-0242,lelia@contoso.com,,Sales
CID-137,Individual,Premium,1950-08-12,2019-10-18,True,Wolde Mariam,Girmay,Male,(224) 555-0175,,wolde mariam@contoso.com,,Sales
CID-138,Business,SMB,1952-06-12,2021-10-13,True,Meaza,Goitom,Female,(478) 555-0114,,meaza@contoso.com,,Sales
CID-139,Individual,Premium,1979-02-14,2021-04-26,True,Milan,Golob,Male,(641) 555-0112,,milan@contoso.com,,Services
CID-140,Government,State,1962-04-26,2018-11-18,True,Mateo,Gomez,Male,(260) 555-0108,,mateo@contoso.com,mateo@fabrikam.com,Sales
CID-141,Government,State,1964-06-05,2019-03-26,True,Aaron,Gonzales,Male,(302) 555-0119,(213) 555-0267,aaron@contoso.com,aaron@fabrikam.com,Services
CID-142,Individual,Standard,1941-01-17,2020-11-02,True,Kasper,Graf,Male,(801) 555-0190,(727) 555-0297,kasper@contoso.com,,Sales
CID-143,Individual,Standard,1987-10-20,2018-07-03,True,Fiamma,Greco,Female,(408) 555-0176,,fiamma@contoso.com,,Sales
CID-144,Individual,Standard,1922-11-11,2018-04-21,True,Manon,Griffiths,Female,(765) 555-0172,,manon@contoso.com,,Sales
CID-145,Individual,Standard,1974-02-25,2019-05-23,True,Jacqueline,Grondin,Female,(281) 555-0182,,jacqueline@contoso.com,,Sales
CID-146,Individual,Premium,1952-11-18,2021-08-06,False,Marta,Guanyavents,Female,(864) 555-0198,,marta@contoso.com,,Sales
CID-147,Individual,Premium,1961-04-23,2018-10-22,True,Louisa,Guenther,Female,(312) 555-0117,,louisa@contoso.com,,Sales
CID-148,Individual,Standard,1954-04-16,2020-06-22,False,Charlie,Guibord,Male,(984) 555-0167,,charlie@contoso.com,,Sales
CID-149,Individual,VIP,1923-08-18,2021-05-23,True,Ayse,Guler,Female,(714) 555-0188,,ayse@contoso.com,,Services
CID-150,Individual,Premium,1991-06-05,2020-08-31,True,Meltem,Gumus,Female,(808) 555-0161,,meltem@contoso.com,,Sales
CID-151,Government,Local,1931-02-01,2019-09-24,True,Faruk,Gunes,Male,(815) 555-0105,,faruk@contoso.com,,Services
CID-152,Individual,Standard,1973-11-10,2020-11-16,True,Halit,Gungor,Male,(402) 555-0159,,halit@contoso.com,,Sales
CID-153,Individual,Standard,1981-01-26,2020-01-03,True,Killian,Gunther,Male,(920) 555-0194,(512) 555-0248,killian@contoso.com,killian@fabrikam.com,Sales
CID-154,Individual,Standard,1959-01-12,2021-06-08,True,Tito,Guzmán,Male,(562) 555-0138,,tito@contoso.com,,Sales
CID-155,Government,Local,1974-04-01,2018-11-17,True,Renata,Hall,Female,(364) 555-0124,(781) 555-0268,renata@contoso.com,,Services
CID-156,Individual,Standard,1968-05-16,2020-07-01,True,Frantisek,Hanak,Male,(620) 555-0158,,frantisek@contoso.com,frantisek@fabrikam.com,Sales
CID-157,Individual,Standard,1973-12-02,2021-06-10,True,Jacob,Hancock,Male,(718) 555-0137,,jacob@contoso.com,,Services
CID-158,Business,SMB,1940-09-01,2019-03-13,True,Daniela,Hanzlova,Female,(513) 555-0191,(984) 555-0214,daniela@contoso.com,,Sales
CID-159,Individual,VIP,1951-09-21,2020-02-20,True,Libby,Harrison,Female,(317) 555-0193,,libby@contoso.com,,Services
CID-160,Business,SMB,1958-11-04,2021-11-27,True,Maja,Hartmann,Female,(561) 555-0197,(916) 555-0291,maja@contoso.com,maja@fabrikam.com,Sales
CID-161,Individual,Premium,1961-04-06,2020-12-12,False,Marta,Havrankova,Female,(765) 555-0121,(269) 555-0205,marta@contoso.com,,Sales
CID-162,Individual,Standard,1965-02-13,2021-08-29,True,Hannah,Haynes,Female,(434) 555-0137,,hannah@contoso.com,,Sales
CID-163,Individual,VIP,1980-11-01,2021-07-28,True,Josephine,Hebert,Female,(737) 555-0171,,josephine@contoso.com,,Sales
CID-164,Individual,Standard,1992-09-21,2019-12-27,True,Jule,Heinrich,Female,(712) 555-0105,,jule@contoso.com,,Sales
CID-165,Individual,Standard,1987-10-07,2018-01-31,True,Detlef,Hembrock,Male,(762) 555-0131,,detlef@contoso.com,,Sales
CID-166,Business,Partner,1980-12-29,2018-12-03,True,Felix,Henderson,Male,(443) 555-0109,(516) 555-0283,felix@contoso.com,felix@fabrikam.com,Sales
CID-167,Individual,VIP,1950-01-03,2018-07-02,True,Briana,Hernandez,Female,(904) 555-0158,,briana@contoso.com,briana@fabrikam.com,Sales
CID-168,Individual,Premium,1973-11-03,2020-11-12,True,Coralie,Hetu,Female,(401) 555-0148,(308) 555-0207,coralie@contoso.com,,Sales
CID-169,Individual,Standard,1985-10-02,2019-06-28,True,Ana,Hocevar,Female,(959) 555-0192,,ana@contoso.com,,Sales
CID-170,Individual,Standard,1996-05-26,2021-01-02,True,Vaclav,Holy,Male,(903) 555-0168,,vaclav@contoso.com,,Sales
CID-171,Individual,Premium,1944-06-28,2020-10-30,True,Tereza,Horackova,Female,(717) 555-0151,,tereza@contoso.com,,Services
CID-172,Individual,VIP,1973-09-12,2019-10-22,True,Janez,Horvat,Male,(540) 555-0140,,janez@contoso.com,janez@fabrikam.com,Sales
CID-173,Individual,Premium,1951-05-15,2018-06-09,True,Karel,Hovorka,Male,(959) 555-0184,,karel@contoso.com,,Sales
CID-174,Individual,Premium,1984-11-16,2020-11-03,True,Avery,Howard,Female,(865) 555-0183,(217) 555-0270,avery@contoso.com,,Sales
CID-175,Individual,Standard,1953-02-12,2021-04-16,True,Jarmila,Hrdlickova,Female,(215) 555-0144,(937) 555-0223,jarmila@contoso.com,,Sales
CID-176,Individual,Premium,1933-05-23,2019-02-16,True,Aljosa,Hribar,Female,(540) 555-0141,,aljosa@contoso.com,aljosa@fabrikam.com,Sales
CID-177,Individual,Standard,1983-05-28,2020-10-08,True,Andreja,Hrovat,Female,(505) 555-0148,,andreja@contoso.com,,Services
CID-178,Individual,Standard,1942-11-19,2018-02-22,True,Jose,Huaman,Male,(934) 555-0176,,jose@contoso.com,,Sales
CID-179,Government,Local,1978-06-19,2019-02-12,True,Shawn,Hughes,Male,(929) 555-0123,,shawn@contoso.com,,Services
CID-180,Individual,Premium,1995-05-20,2020-04-26,True,Aidan,Hunt,Male,(323) 555-0171,,aidan@contoso.com,,Sales
CID-181,Individual,Standard,1970-12-03,2020-11-11,True,Cai,Huws,Male,(802) 555-0122,,cai@contoso.com,,Sales
CID-182,Individual,Standard,1957-04-30,2020-11-19,False,Vlastimil,Hybl,Male,(662) 555-0171,,vlastimil@contoso.com,,Sales
CID-183,Government,State,1950-04-26,2019-12-04,True,Gerolamo,Iadanza,Male,(914) 555-0158,,gerolamo@contoso.com,,Services
CID-184,Business,SMB,1988-07-31,2018-09-17,True,Christiane,Ingenpass,Female,(502) 555-0158,,christiane@contoso.com,,Sales
CID-185,Individual,Premium,1960-07-31,2021-05-13,True,Jessie,Irwin,Male,(919) 555-0138,,jessie@contoso.com,,Sales
CID-186,Individual,Standard,1957-10-24,2020-12-18,True,Anthony,Ivanov,Male,(815) 555-0127,,anthony@contoso.com,anthony@fabrikam.com,Sales
CID-187,Business,SMB,1942-06-07,2020-02-15,True,Abigail,Jackson,Female,(716) 555-0115,(940) 555-0242,abigail@contoso.com,abigail@fabrikam.com,Sales
CID-188,Individual,Premium,1955-08-13,2020-11-01,True,Alena,Jankova,Female,(202) 555-0181,,alena@contoso.com,,Services
CID-189,Individual,Standard,1986-07-22,2021-08-06,False,Nikola,Janu,Male,(956) 555-0112,,nikola@contoso.com,,Sales
CID-190,Individual,Standard,1977-12-09,2020-04-29,True,Hannah,Jarvis,Female,(434) 555-0192,(717) 555-0212,hannah@contoso.com,,Sales
CID-191,Individual,Standard,1984-10-24,2018-12-20,False,Hanna,Jasinska,Female,(845) 555-0193,(952) 555-0217,hanna@contoso.com,,Sales
CID-192,Business,SMB,1957-08-24,2021-01-03,True,Aira,Jaunzema,Female,(919) 555-0142,,aira@contoso.com,,Sales
CID-193,Government,Federal,1973-11-05,2020-05-22,True,Irena,Jaworska,Female,(430) 555-0120,(424) 555-0250,irena@contoso.com,,Services
CID-194,Individual,Standard,1975-03-04,2020-09-17,True,Casey,Jensen,Male,(503) 555-0154,,casey@contoso.com,,Sales
CID-195,Individual,Premium,1989-09-18,2021-06-18,False,Alenka,Jereb,Female,(508) 555-0114,,alenka@contoso.com,,Sales
CID-196,Individual,Standard,1989-01-23,2020-10-14,True,Tanja,Jerman,Female,(740) 555-0151,,tanja@contoso.com,tanja@fabrikam.com,Sales
CID-197,Business,Premier,1952-01-03,2021-03-23,True,Riley,Johnson,Male,(747) 555-0194,,riley@contoso.com,riley@fabrikam.com,Sales
CID-198,Business,Premier,1966-07-21,2021-01-24,True,Natasha,Jones,Female,(317) 555-0186,,natasha@contoso.com,,Sales
CID-199,Business,SMB,1951-05-15,2018-10-21,True,Karl,Kadenbach,Male,(703) 555-0129,(864) 555-0297,karl@contoso.com,karl@fabrikam.com,Sales
CID-200,Business,SMB,1992-11-10,2018-07-28,True,Jacek,Kalinowski,Male,(571) 555-0153,(207) 555-0279,jacek@contoso.com,,Sales
CID-201,Individual,Standard,1986-09-30,2021-09-28,True,Daniela,Kanepa,Female,(201) 555-0143,,daniela@contoso.com,,Sales
CID-202,Individual,Standard,1964-07-21,2021-01-16,True,Niklavs,Kaneps,Male,(813) 555-0174,(919) 555-0268,niklavs@contoso.com,,Sales
CID-203,Individual,VIP,1957-06-29,2020-03-28,True,Havva,Kara,Female,(440) 555-0179,(510) 555-0281,havva@contoso.com,,Services
CID-204,Business,Premier,1950-11-07,2019-01-25,True,Pinar,Karaca,Female,(915) 555-0131,,pinar@contoso.com,,Sales
CID-205,Individual,VIP,1953-03-04,2018-11-21,True,Gregor,Kastelic,Male,(925) 555-0111,,gregor@contoso.com,,Sales
CID-206,Individual,Standard,1957-07-13,2020-07-28,True,Ilga,Kaulina,Male,(843) 555-0177,,ilga@contoso.com,,Sales
CID-207,Individual,Premium,1959-05-01,2020-06-07,True,Rok,Kavcic,Male,(364) 555-0126,,rok@contoso.com,,Services
CID-208,Individual,VIP,1990-08-01,2021-03-26,True,Ibrahim,Kaya,Male,(717) 555-0111,,ibrahim@contoso.com,,Sales
CID-209,Individual,Standard,1958-07-04,2019-10-30,True,Faruk,Keskin,Male,(479) 555-0141,(505) 555-0254,faruk@contoso.com,,Sales
CID-210,Individual,Standard,1997-12-05,2019-09-25,True,Xaver,Kiefer,Male,(717) 555-0110,,xaver@contoso.com,,Sales
CID-211,Individual,Premium,1967-05-08,2019-07-31,True,Ramazan,Kilic,Male,(469) 555-0142,,ramazan@contoso.com,ramazan@fabrikam.com,Sales
CID-212,Individual,Premium,1949-03-22,2018-04-17,True,Madison,Kim,Female,(929) 555-0196,(845) 555-0213,madison@contoso.com,,Sales
CID-213,Individual,Premium,1996-06-06,2018-05-17,True,Adrian,King,Female,(804) 555-0184,,adrian@contoso.com,,Sales
CID-214,Individual,Standard,1955-02-06,2019-03-04,True,William,Kirby,Male,(320) 555-0105,(828) 555-0264,william@contoso.com,,Sales
CID-215,Business,Premier,1965-07-30,2019-09-04,True,Beatrise,Klavina,Female,(464) 555-0136,,beatrise@contoso.com,,Sales
CID-216,Individual,Standard,1977-12-26,2020-06-29,True,Berend,Klein,Male,(719) 555-0153,,berend@contoso.com,,Sales
CID-217,Individual,Standard,1933-09-23,2020-03-29,True,Mojca,Klemencic,Female,(737) 555-0148,(931) 555-0281,mojca@contoso.com,,Sales
CID-218,Business,SMB,1969-09-23,2018-05-21,True,Friedrich,Knerich,Male,(813) 555-0110,,friedrich@contoso.com,,Sales
CID-219,Individual,Premium,1982-12-08,2021-01-11,True,Jozefa,Knez,Female,(607) 555-0165,(714) 555-0232,jozefa@contoso.com,,Sales
CID-220,Business,Premier,1983-07-28,2018-06-26,True,Carla,Kobusch,Female,(336) 555-0182,,carla@contoso.com,,Services
CID-221,Individual,Premium,1924-05-20,2018-07-17,True,Mahmut,Koc,Male,(616) 555-0116,,mahmut@contoso.com,,Sales
CID-222,Individual,Standard,1934-01-25,2019-09-16,True,Dominique,Koch,Male,(207) 555-0118,,dominique@contoso.com,,Sales
CID-223,Individual,VIP,1979-06-22,2019-11-22,True,Vlasta,Koci,Female,(708) 555-0127,(443) 555-0297,vlasta@contoso.com,,Sales
CID-224,Individual,Standard,1960-01-21,2021-12-15,True,Lilly,Koenig,Female,(281) 555-0136,,lilly@contoso.com,,Sales
CID-225,Individual,Premium,1961-04-02,2019-02-05,True,Eggert,Kohler,Male,(858) 555-0167,,eggert@contoso.com,eggert@fabrikam.com,Services
CID-226,Individual,Standard,1963-01-23,2019-04-16,True,Tomas,Kohout,Male,(775) 555-0189,,tomas@contoso.com,,Sales
CID-227,Government,Local,1997-09-21,2018-08-06,True,Marija,Kolar,Female,(682) 555-0142,,marija@contoso.com,,Sales
CID-228,Individual,Premium,1990-01-11,2020-07-17,True,Petr,Konecny,Male,(630) 555-0157,,petr@contoso.com,,Sales
CID-229,Business,SMB,1976-10-04,2019-09-24,True,Vera,Kopecka,Female,(919) 555-0151,(252) 555-0234,vera@contoso.com,,Sales
CID-230,Individual,Premium,1993-03-22,2020-08-08,True,Irena,Koren,Female,(323) 555-0131,,irena@contoso.com,,Sales
CID-231,Business,SMB,1977-12-05,2020-06-24,True,Safak,Korkmaz,Male,(475) 555-0199,(832) 555-0254,safak@contoso.com,,Sales
CID-232,Individual,Standard,1987-01-10,2018-06-24,True,Stanislav,Korosec,Male,(862) 555-0159,,stanislav@contoso.com,,Sales
CID-233,Individual,VIP,1954-03-30,2018-01-23,True,Jozi,Kos,Male,(409) 555-0157,,jozi@contoso.com,,Sales
CID-234,Individual,Standard,1969-06-03,2018-08-23,True,Maja,Kosir,Female,(872) 555-0198,,maja@contoso.com,,Sales
CID-235,Individual,Premium,1947-09-15,2020-11-02,True,Robert,Kotnik,Male,(845) 555-0155,,robert@contoso.com,,Sales
CID-236,Business,Partner,1997-11-02,2021-01-29,True,Andrej,Kovac,Male,(952) 555-0100,(609) 555-0263,andrej@contoso.com,,Sales
CID-237,Individual,Premium,1985-04-18,2020-07-17,True,Anton,Kovacic,Male,(770) 555-0147,,anton@contoso.com,,Sales
CID-238,Individual,Standard,1974-02-25,2019-06-07,True,Adrian,Kowalczyk,Male,(985) 555-0196,,adrian@contoso.com,,Sales
CID-239,Individual,VIP,1966-04-14,2019-03-07,True,Beata,Kowalska,Female,(765) 555-0103,,beata@contoso.com,,Sales
CID-240,Individual,Premium,1983-06-14,2020-03-03,True,Zdenka,Kozakova,Female,(571) 555-0115,,zdenka@contoso.com,,Services
CID-241,Government,Local,1996-03-09,2019-06-17,True,Jan,Kozlowski,Male,(708) 555-0175,,jan@contoso.com,,Services
CID-242,Government,Local,1986-05-02,2020-09-05,True,Ivan,Krajnc,Male,(959) 555-0187,(469) 555-0222,ivan@contoso.com,,Services
CID-243,Government,State,1965-04-25,2021-08-09,True,Branko,Kralj,Male,(585) 555-0124,,branko@contoso.com,,Services
CID-244,Individual,Premium,1954-12-12,2020-03-20,True,Elsa,Kramer,Female,(972) 555-0166,(415) 555-0246,elsa@contoso.com,,Sales
CID-245,Individual,Premium,1933-04-18,2020-07-01,True,Edna,Krastina,Female,(865) 555-0123,(651) 555-0206,edna@contoso.com,,Sales
CID-246,Government,Federal,1993-11-30,2021-12-29,True,Ralf,Krause,Male,(510) 555-0172,,ralf@contoso.com,,Services
CID-247,Individual,Premium,1976-03-31,2021-08-20,True,Joanna,Krawczyk,Female,(949) 555-0119,,joanna@contoso.com,,Sales
CID-248,Government,Local,1980-02-10,2020-05-20,True,Alex,Krejci,Female,(212) 555-0182,(571) 555-0256,alex@contoso.com,alex@fabrikam.com,Services
CID-249,Government,Local,1988-02-29,2019-06-24,True,Ella,Kreslina,Male,(610) 555-0104,,ella@contoso.com,,Services
CID-250,Business,SMB,1984-09-23,2020-10-20,True,Agrita,Krieva,Male,(725) 555-0157,,agrita@contoso.com,agrita@fabrikam.com,Sales
CID-251,Individual,Premium,1964-05-09,2021-10-10,True,Darta,Krievina,Male,(951) 555-0179,,darta@contoso.com,,Sales
CID-252,Individual,Standard,1953-03-07,2021-08-19,True,Ronalds,Krievins,Male,(504) 555-0114,,ronalds@contoso.com,,Sales
CID-253,Business,SMB,1966-04-04,2018-08-15,True,Heiko,Krueger,Male,(628) 555-0175,(463) 555-0291,heiko@contoso.com,,Sales
CID-254,Individual,Premium,1929-05-07,2021-06-13,True,Beatrise,Kruze,Female,(475) 555-0152,,beatrise@contoso.com,beatrise@fabrikam.com,Sales
CID-255,Individual,VIP,1970-04-04,2020-05-22,True,Ondrej,Kubat,Male,(307) 555-0125,,ondrej@contoso.com,,Services
CID-256,Individual,Standard,1960-02-05,2020-06-10,True,Marcela,Kubatova,Female,(667) 555-0133,(989) 555-0205,marcela@contoso.com,,Sales
CID-257,Government,State,1964-07-27,2020-11-02,True,Adrianna,Kucharska,Female,(575) 555-0186,,adrianna@contoso.com,,Services
CID-258,Individual,Standard,1985-07-05,2018-07-29,True,Andrzej,Kucharski,Male,(562) 555-0186,(386) 555-0213,andrzej@contoso.com,andrzej@fabrikam.com,Sales
CID-259,Individual,Premium,1994-07-02,2020-01-11,True,Franciska,Kuhar,Female,(678) 555-0154,(908) 555-0298,franciska@contoso.com,,Sales
CID-260,Individual,Standard,1978-06-06,2019-02-01,True,Alida,Kundzina,Female,(551) 555-0188,(225) 555-0217,alida@contoso.com,,Sales
CID-261,Individual,Standard,1989-07-26,2021-01-28,True,Conrad,Kutzsche,Male,(341) 555-0129,,conrad@contoso.com,,Sales
CID-262,Government,State,1994-01-13,2018-01-31,True,Hanna,Kwiatkowska,Female,(607) 555-0188,,hanna@contoso.com,,Services
CID-263,Individual,Standard,1949-05-21,2019-01-21,False,Maureen,Labrecque,Female,(508) 555-0185,(269) 555-0261,maureen@contoso.com,,Sales
CID-264,Individual,Standard,1954-04-17,2019-10-11,True,Alain,Lacombe,Male,(980) 555-0114,,alain@contoso.com,,Sales
CID-265,Business,Premier,1988-05-20,2018-11-25,True,Gilbert,Lacroix,Male,(865) 555-0151,(530) 555-0297,gilbert@contoso.com,gilbert@fabrikam.com,Sales
CID-266,Business,Premier,1946-10-30,2021-04-04,True,Katja,Lah,Female,(240) 555-0120,,katja@contoso.com,,Sales
CID-267,Individual,Premium,1947-12-18,2020-08-09,True,Theodore,Lamy,Male,(360) 555-0146,,theodore@contoso.com,,Sales
CID-268,Business,Premier,1958-04-29,2021-01-28,True,Anna,Lange,Female,(423) 555-0117,,anna@contoso.com,,Sales
CID-269,Individual,Premium,1978-10-13,2019-09-13,True,Aisma,Lapsa,Male,(607) 555-0191,,aisma@contoso.com,aisma@fabrikam.com,Services
CID-270,Individual,Standard,1982-08-09,2021-04-11,True,Andre,Lawson,Male,(813) 555-0185,,andre@contoso.com,,Sales
CID-271,Business,SMB,1944-12-16,2018-06-11,True,Denise,Lebatelier,Female,(609) 555-0163,,denise@contoso.com,,Sales
CID-272,Business,SMB,1989-02-26,2020-02-15,True,Bernadette,Leblanc,Female,(302) 555-0109,,bernadette@contoso.com,,Sales
CID-273,Business,Partner,1959-05-28,2021-07-10,True,Mikaela,Lee,Female,(703) 555-0171,(832) 555-0254,mikaela@contoso.com,,Sales
CID-274,Government,State,1965-08-27,2018-10-01,True,Kayla,Lewis,Female,(754) 555-0160,,kayla@contoso.com,,Services
CID-275,Individual,Standard,1950-01-28,2018-01-03,True,Aleksandra,Lice,Female,(719) 555-0104,,aleksandra@contoso.com,,Sales
CID-276,Individual,Premium,1954-03-05,2020-11-17,True,Geraint,Llwyd,Male,(843) 555-0152,,geraint@contoso.com,,Sales
CID-277,Business,Partner,1998-07-05,2018-11-22,True,Valeria,Lo Duca,Female,(276) 555-0155,,valeria@contoso.com,,Services
CID-278,Individual,Standard,1991-09-23,2020-07-28,True,Ernst,Loetzsch,Male,(843) 555-0192,(312) 555-0238,ernst@contoso.com,,Services
CID-279,Business,SMB,1954-03-24,2018-05-29,True,Palmira,Loggia,Female,(731) 555-0172,,palmira@contoso.com,,Sales
CID-280,Business,SMB,1982-05-20,2019-06-24,True,Francesca,Lombo,Female,(325) 555-0101,,francesca@contoso.com,,Sales
CID-281,Business,Premier,1968-04-11,2019-05-03,True,Markus,Long,Male,(715) 555-0150,,markus@contoso.com,,Sales
CID-282,Individual,Standard,1927-07-19,2020-04-01,True,Gerardina,Longo,Female,(254) 555-0110,,gerardina@contoso.com,,Sales
CID-283,Individual,VIP,1956-10-05,2020-12-24,True,Eugenia,Lopez,Female,(480) 555-0175,(217) 555-0203,eugenia@contoso.com,,Sales
CID-284,Individual,VIP,1967-08-10,2018-12-22,True,Lacombe,Luc,Male,(419) 555-0176,,lacombe@contoso.com,,Sales
CID-285,Individual,Premium,1967-12-17,2021-06-29,True,Noemi,Lucchesi,Female,(803) 555-0193,,noemi@contoso.com,,Sales
CID-286,Individual,Premium,1959-09-09,2018-08-23,True,Nikolajs,Lusis,Male,(469) 555-0194,,nikolajs@contoso.com,,Sales
CID-287,Individual,VIP,1949-03-17,2018-08-15,True,Courtney,Lynch,Female,(713) 555-0184,,courtney@contoso.com,,Services
CID-288,Individual,Premium,1995-09-09,2021-08-29,True,Jan,Macek,Male,(708) 555-0133,(443) 555-0251,jan@contoso.com,,Sales
CID-289,Individual,Standard,1923-02-10,2018-02-18,True,Jakub,Maciejewski,Male,(862) 555-0130,,jakub@contoso.com,,Sales
CID-290,Individual,Premium,1987-11-08,2018-04-28,True,Terezija,Majcen,Female,(316) 555-0188,,terezija@contoso.com,,Sales
CID-291,Individual,Premium,1986-05-31,2018-02-23,True,Filip,Majewski,Male,(401) 555-0100,,filip@contoso.com,,Sales
CID-292,Individual,Standard,1967-12-02,2019-07-19,True,Luis,Mamani,Male,(937) 555-0139,,luis@contoso.com,,Sales
CID-293,Business,Premier,1984-01-08,2020-12-03,False,Thomas,Margand,Male,(463) 555-0100,,thomas@contoso.com,,Sales
CID-294,Individual,VIP,1990-09-08,2018-02-22,True,Marie,Markova,Female,(864) 555-0162,(484) 555-0273,marie@contoso.com,,Services
CID-295,Individual,VIP,1974-02-22,2019-07-12,True,Henri,Marquis,Male,(706) 555-0141,(475) 555-0207,henri@contoso.com,,Sales
CID-296,Individual,Premium,1979-05-12,2021-01-30,True,Blake,Martin,Male,(769) 555-0121,,blake@contoso.com,,Sales
CID-297,Business,SMB,1953-01-24,2018-01-08,True,Violet,Martinez,Female,(636) 555-0198,,violet@contoso.com,,Sales
CID-298,Individual,VIP,1923-07-17,2020-05-17,True,Calimero,Mazzanti,Male,(765) 555-0107,(509) 555-0210,calimero@contoso.com,,Sales
CID-299,Individual,Premium,1952-02-21,2019-02-02,True,Parker,McLean,Male,(717) 555-0146,(630) 555-0212,parker@contoso.com,,Sales
CID-300,Individual,Standard,1978-08-14,2021-03-07,True,Natasa,Medved,Female,(929) 555-0116,,natasa@contoso.com,,Services
CID-301,Individual,VIP,1992-07-12,2019-11-06,True,Daniel,Mengestab,Male,(419) 555-0112,(380) 555-0251,daniel@contoso.com,daniel@fabrikam.com,Sales
CID-302,Individual,VIP,1977-06-11,2019-01-22,True,Emel,Mert,Female,(602) 555-0137,,emel@contoso.com,,Sales
CID-303,Individual,Premium,1971-02-02,2018-04-21,True,Marie,Methot,Female,(404) 555-0144,,marie@contoso.com,,Sales
CID-304,Individual,Premium,1984-04-27,2019-09-06,True,Ariane,Meyer,Female,(912) 555-0134,,ariane@contoso.com,ariane@fabrikam.com,Sales
CID-305,Business,SMB,1931-03-23,2018-01-17,True,Habtu,Michael,Male,(216) 555-0171,,habtu@contoso.com,,Sales
CID-306,Government,Local,1986-06-11,2021-04-20,True,Dominik,Michalski,Male,(586) 555-0153,,dominik@contoso.com,,Services
CID-307,Individual,Standard,1966-08-03,2020-06-02,True,Anna,Michnova,Female,(951) 555-0112,(617) 555-0277,anna@contoso.com,,Sales
CID-308,Individual,Premium,1980-07-29,2019-06-25,True,Aleganesh,Mihertab,Female,(850) 555-0130,,aleganesh@contoso.com,,Sales
CID-309,Business,SMB,1955-09-05,2018-06-20,True,Lisandro,Milanesi,Male,(859) 555-0134,,lisandro@contoso.com,lisandro@fabrikam.com,Sales
CID-310,Individual,Standard,1957-10-16,2019-02-13,True,Martina,Milani,Female,(330) 555-0105,(959) 555-0249,martina@contoso.com,,Sales
CID-311,Individual,Standard,1955-05-03,2020-01-10,True,Davide,Milano,Male,(731) 555-0185,,davide@contoso.com,,Sales
CID-312,Individual,Premium,1938-03-10,2021-11-02,True,Caleb,Miller,Male,(323) 555-0148,(559) 555-0224,caleb@contoso.com,,Sales
CID-313,Individual,VIP,1974-10-21,2021-04-26,True,Jordan,Mitchell,Male,(786) 555-0133,,jordan@contoso.com,,Sales
CID-314,Government,Local,1960-11-27,2020-05-07,True,Joze,Mlakar,Male,(248) 555-0146,,joze@contoso.com,,Services
CID-315,Business,SMB,1951-09-20,2018-08-18,True,Gabriel,Moeller,Male,(206) 555-0189,(360) 555-0266,gabriel@contoso.com,gabriel@fabrikam.com,Sales
CID-316,Individual,Premium,1957-10-26,2018-04-29,True,Coralie,Monjeau,Female,(228) 555-0105,,coralie@contoso.com,,Sales
CID-317,Individual,Premium,1982-09-02,2021-03-25,True,Laura,Montfulleda,Female,(732) 555-0158,,laura@contoso.com,,Services
CID-318,Individual,Standard,1979-11-16,2020-02-23,True,Preston,Morales,Male,(856) 555-0117,,preston@contoso.com,,Services
CID-319,Individual,Premium,1993-08-19,2019-04-10,True,Juan,Morgan,Male,(929) 555-0113,,juan@contoso.com,,Sales
CID-320,Individual,Standard,1942-04-20,2018-04-14,True,Remy,Morris,Female,(215) 555-0106,(601) 555-0287,remy@contoso.com,,Services
CID-321,Individual,Standard,1964-10-05,2019-11-29,True,Rowan,Murphy,Male,(307) 555-0114,,rowan@contoso.com,,Sales
CID-322,Business,SMB,1959-07-21,2018-06-24,True,Rory,Nguyen,Male,(225) 555-0162,,rory@contoso.com,rory@fabrikam.com,Sales
CID-323,Individual,Standard,1953-04-28,2020-01-15,True,Camille,Nicole,Female,(847) 555-0134,,camille@contoso.com,,Sales
CID-324,Individual,VIP,1979-01-23,2021-12-15,True,Franc,Novak,Male,(458) 555-0134,,franc@contoso.com,,Sales
CID-325,Government,Local,1970-03-24,2021-03-03,True,Lidia,Nowakowska,Female,(516) 555-0147,(458) 555-0206,lidia@contoso.com,,Services
CID-326,Business,SMB,1947-04-24,2021-11-15,True,Klara,Nowicka,Female,(307) 555-0123,(601) 555-0250,klara@contoso.com,,Sales
CID-327,Individual,Premium,1965-02-19,2019-10-27,True,Conrad,Nuber,Male,(602) 555-0170,(803) 555-0279,conrad@contoso.com,,Sales
CID-328,Individual,Standard,1980-01-31,2018-02-02,True,Martin,Oblak,Male,(314) 555-0164,,martin@contoso.com,,Sales
CID-329,Individual,Premium,1977-08-13,2018-02-24,True,Engin,Oguz,Male,(970) 555-0135,,engin@contoso.com,,Sales
CID-330,Individual,Standard,1961-05-31,2019-06-03,True,Anna,Ostrowska,Female,(580) 555-0169,,anna@contoso.com,anna@fabrikam.com,Services
CID-331,Individual,VIP,1980-04-30,2020-01-26,True,Roman,Ostrowski,Male,(541) 555-0113,,roman@contoso.com,,Sales
CID-332,Business,SMB,1966-02-20,2018-01-12,True,Brigitte,Otto,Female,(847) 555-0167,,brigitte@contoso.com,,Sales
CID-333,Individual,Standard,1971-11-15,2019-12-21,True,Grace,Owens,Female,(985) 555-0158,,grace@contoso.com,,Sales
CID-334,Individual,Standard,1924-01-17,2019-07-09,True,Derya,Ozcan,Female,(765) 555-0191,(781) 555-0205,derya@contoso.com,,Sales
CID-335,Individual,VIP,1979-11-15,2019-01-08,True,Huseyin,Ozdemir,Male,(717) 555-0103,,huseyin@contoso.com,,Sales
CID-336,Individual,Premium,1985-12-11,2019-04-29,True,Salih,Ozkan,Male,(952) 555-0195,,salih@contoso.com,,Sales
CID-337,Business,SMB,1973-05-25,2020-08-30,True,Ahmet,Ozturk,Male,(843) 555-0165,,ahmet@contoso.com,,Sales
CID-338,Business,SMB,1989-02-03,2021-06-05,True,Olafs,Paegle,Male,(959) 555-0102,,olafs@contoso.com,,Sales
CID-339,Individual,Premium,1950-06-13,2019-09-15,True,Imelda,Pagnotto,Female,(860) 555-0107,,imelda@contoso.com,,Sales
CID-340,Individual,Standard,1954-03-21,2018-11-03,True,Irma,Palermo,Female,(941) 555-0114,(952) 555-0202,irma@contoso.com,,Sales
CID-341,Individual,VIP,1964-10-19,2019-04-02,True,Ariane,Panetier,Female,(657) 555-0130,(716) 555-0277,ariane@contoso.com,,Sales
CID-342,Individual,Standard,1962-04-17,2018-06-09,True,Olga,Panicucci,Female,(740) 555-0144,,olga@contoso.com,,Sales
CID-343,Individual,Standard,1994-04-06,2018-11-27,True,Aled,Parri,Male,(914) 555-0170,(318) 555-0255,aled@contoso.com,aled@fabrikam.com,Sales
CID-344,Individual,Standard,1960-07-18,2020-02-15,True,Anne,Patel,Female,(469) 555-0156,(702) 555-0219,anne@contoso.com,,Sales
CID-345,Individual,Premium,1922-09-04,2018-08-13,True,David,Paulet,Male,(956) 555-0173,(775) 555-0258,david@contoso.com,,Sales
CID-346,Individual,Premium,1953-12-12,2020-09-09,True,Petra,Pavlic,Female,(816) 555-0117,,petra@contoso.com,,Services
CID-347,Individual,Standard,1968-04-24,2019-12-30,True,Jerzy,Pawlak,Male,(731) 555-0192,,jerzy@contoso.com,,Services
CID-348,Individual,Premium,1978-08-12,2020-12-04,True,Marek,Pawlowski,Male,(330) 555-0197,,marek@contoso.com,,Sales
CID-349,Individual,Premium,1977-12-07,2021-05-22,True,Rene,Pelletier,Male,(657) 555-0144,(727) 555-0234,rene@contoso.com,,Sales
CID-350,Individual,Premium,1971-08-10,2020-12-18,True,Michael,Peltier,Male,(609) 555-0168,,michael@contoso.com,,Sales
CID-351,Individual,Standard,1968-10-25,2019-10-06,True,Matjaz,Petek,Male,(516) 555-0103,(470) 555-0206,matjaz@contoso.com,matjaz@fabrikam.com,Sales
CID-352,Business,SMB,1955-09-13,2019-09-08,True,Gebhard,Peters,Male,(425) 555-0122,,gebhard@contoso.com,,Sales
CID-353,Individual,Premium,1956-04-18,2018-07-14,True,Romain Petit,Petit,Male,(207) 555-0131,,romain petit@contoso.com,,Sales
CID-354,Individual,Standard,1921-05-04,2019-05-04,True,Nina,Petric,Female,(478) 555-0117,,nina@contoso.com,,Services
CID-355,Individual,Standard,1972-07-06,2018-06-06,True,Jayden,Phillips,Female,(925) 555-0139,,jayden@contoso.com,,Sales
CID-356,Individual,VIP,1981-08-11,2019-09-02,True,Ortensia,Piazza,Female,(434) 555-0172,(701) 555-0262,ortensia@contoso.com,ortensia@fabrikam.com,Services
CID-357,Individual,VIP,1931-07-21,2021-06-03,True,Anna,Pidecabanyes,Female,(815) 555-0173,,anna@contoso.com,,Sales
CID-358,Individual,Standard,1955-08-14,2019-02-16,True,Isotta,Pinto,Female,(773) 555-0105,,isotta@contoso.com,,Sales
CID-359,Government,Local,1978-02-05,2021-05-13,True,Maria,Piotrowska,Female,(503) 555-0162,,maria@contoso.com,maria@fabrikam.com,Services
CID-360,Individual,Premium,1973-05-24,2021-01-07,True,Barbara,Pirc,Female,(478) 555-0110,,barbara@contoso.com,,Sales
CID-361,Individual,Standard,1948-09-21,2018-05-04,True,Ritums,Podnieks,Female,(434) 555-0103,,ritums@contoso.com,,Sales
CID-362,Individual,Standard,1958-01-18,2019-04-16,True,Jiri,Polak,Male,(989) 555-0182,,jiri@contoso.com,,Sales
CID-363,Individual,Standard,1957-09-07,2021-05-26,True,Zuzana,Polaskova,Female,(775) 555-0169,,zuzana@contoso.com,,Sales
CID-364,Individual,Premium,1966-01-24,2019-05-31,True,Matiass,Polis,Male,(973) 555-0121,(508) 555-0213,matiass@contoso.com,matiass@fabrikam.com,Sales
CID-365,Government,State,1965-12-26,2021-02-01,True,Marko,Potocnik,Male,(720) 555-0183,,marko@contoso.com,,Services
CID-366,Individual,Standard,1960-06-17,2019-01-28,True,Joseph,Price,Male,(608) 555-0110,,joseph@contoso.com,,Sales
CID-367,Government,Local,1993-06-02,2021-09-21,True,Libuse,Prikrylova,Female,(870) 555-0102,,libuse@contoso.com,,Services
CID-368,Government,Local,1978-05-02,2019-08-31,True,Joana,Puigxoriguer,Female,(401) 555-0186,,joana@contoso.com,,Services
CID-369,Individual,Premium,1997-10-02,2020-09-06,True,Ilgonis,Purmals,Female,(920) 555-0196,,ilgonis@contoso.com,,Sales
CID-370,Individual,Standard,1948-07-22,2018-06-27,True,Majda,Pusnik,Female,(224) 555-0172,(314) 555-0277,majda@contoso.com,,Sales
CID-371,Individual,Standard,1952-08-06,2021-09-16,True,Rosa,Pérez,Female,(940) 555-0173,,rosa@contoso.com,,Sales
CID-372,Individual,Premium,1989-03-19,2021-03-12,True,Jesus,Quispe,Male,(409) 555-0146,(251) 555-0214,jesus@contoso.com,,Sales
CID-373,Individual,Standard,1967-07-21,2019-06-24,True,Bozena,Radova,Female,(352) 555-0146,,bozena@contoso.com,,Sales
CID-374,Individual,Premium,1995-04-22,2018-10-05,True,Riley,Ramirez,Male,(904) 555-0186,(405) 555-0202,riley@contoso.com,,Sales
CID-375,Individual,Standard,1959-05-15,2018-08-21,True,Hollie,Rees,Female,(254) 555-0124,,hollie@contoso.com,,Sales
CID-376,Individual,Standard,1971-11-29,2021-01-18,True,Marta,Reixachdamunt,Female,(843) 555-0124,,marta@contoso.com,,Sales
CID-377,Business,SMB,1971-10-17,2021-05-07,True,John,Rhys,Male,(385) 555-0177,(716) 555-0231,john@contoso.com,,Sales
CID-378,Individual,Premium,1974-08-30,2018-12-28,True,Tomas,Richardson,Male,(430) 555-0140,,tomas@contoso.com,,Sales
CID-379,Business,Premier,1955-01-10,2019-03-17,True,Blaise,Richer,Male,(240) 555-0177,,blaise@contoso.com,,Sales
CID-380,Individual,Premium,1993-07-20,2018-01-26,True,Luca,Richter,Male,(508) 555-0147,(267) 555-0261,luca@contoso.com,,Sales
CID-381,Individual,Standard,1949-11-19,2018-01-25,True,Maksims,Riekstins,Male,(812) 555-0109,(440) 555-0281,maksims@contoso.com,,Sales
CID-382,Individual,Premium,1988-08-12,2021-11-18,True,Clara,Rieradevall,Female,(443) 555-0174,,clara@contoso.com,,Sales
CID-383,Individual,Standard,1975-12-28,2019-05-22,True,Nathan,Rigby,Male,(213) 555-0184,,nathan@contoso.com,,Sales
CID-384,Business,SMB,1962-05-08,2021-08-17,True,Jerome,Rivard,Male,(775) 555-0144,,jerome@contoso.com,jerome@fabrikam.com,Sales
CID-385,Business,Premier,1952-08-18,2021-09-24,True,Amari,Rivera,Female,(769) 555-0163,,amari@contoso.com,amari@fabrikam.com,Sales
CID-386,Business,SMB,1979-06-12,2018-09-24,True,Maya,Robinson,Female,(337) 555-0101,(769) 555-0277,maya@contoso.com,,Sales
CID-387,Individual,Standard,1983-03-13,2019-04-06,True,Andree,Rocher,Female,(515) 555-0141,,andree@contoso.com,,Sales
CID-388,Individual,Standard,1928-11-08,2019-04-01,True,Hazel,Rodriguez,Female,(318) 555-0174,,hazel@contoso.com,,Services
CID-389,Business,SMB,1971-01-23,2021-10-15,True,Juana,Rojas,Female,(928) 555-0117,,juana@contoso.com,,Sales
CID-390,Business,SMB,1962-12-16,2020-12-27,True,Benito,Romani,Male,(714) 555-0189,,benito@contoso.com,benito@fabrikam.com,Sales
CID-391,Government,State,1995-06-14,2020-10-03,True,Valeria,Romano,Female,(601) 555-0105,,valeria@contoso.com,,Services
CID-392,Individual,Standard,1967-09-12,2020-05-12,True,Henry,Ross,Male,(847) 555-0147,,henry@contoso.com,,Sales
CID-393,Individual,VIP,1983-01-31,2021-12-06,True,Kazimirs,Roze,Female,(401) 555-0159,,kazimirs@contoso.com,,Sales
CID-394,Business,Premier,1946-05-30,2019-05-06,False,Bostjan,Rozman,Male,(860) 555-0101,,bostjan@contoso.com,,Sales
CID-395,Individual,Standard,1995-12-06,2020-12-08,True,Lorenzo,Russo,Male,(951) 555-0178,(559) 555-0203,lorenzo@contoso.com,,Sales
CID-396,Government,Local,1923-11-05,2019-07-18,True,Benigno,Sabbatini,Male,(364) 555-0106,,benigno@contoso.com,,Services
CID-397,Business,SMB,1966-04-25,2021-01-30,True,Jan,Sachweh,Male,(718) 555-0145,,jan@contoso.com,,Sales
CID-398,Individual,Premium,1973-05-03,2018-08-04,True,Filip,Safranek,Male,(336) 555-0111,,filip@contoso.com,,Sales
CID-399,Business,SMB,1970-09-20,2019-07-13,True,Diego,Sagese,Male,(580) 555-0142,,diego@contoso.com,,Sales
CID-400,Business,Premier,1940-03-28,2018-06-08,True,Emine,Sahin,Female,(219) 555-0162,,emine@contoso.com,,Sales
CID-401,Individual,Standard,1988-02-15,2019-05-04,True,Dakota,Sanchez,Male,(878) 555-0180,,dakota@contoso.com,,Services
CID-402,Government,State,1990-05-24,2020-04-01,True,Sarmis,Saulitis,Male,(978) 555-0184,,sarmis@contoso.com,,Services
CID-403,Individual,Standard,1996-12-28,2021-06-19,True,Kai,Schmitt,Male,(209) 555-0168,(740) 555-0268,kai@contoso.com,kai@fabrikam.com,Services
CID-404,Business,SMB,1951-05-28,2020-03-04,True,Izaak,Schmitz,Male,(419) 555-0179,,izaak@contoso.com,izaak@fabrikam.com,Services
CID-405,Individual,VIP,1966-05-03,2018-01-05,True,Lea,Schneider,Female,(978) 555-0127,(458) 555-0285,lea@contoso.com,,Sales
CID-406,Business,Premier,1958-03-15,2018-12-27,True,Ashley,Schroeder,Female,(510) 555-0192,,ashley@contoso.com,,Sales
CID-407,Individual,Standard,1988-09-23,2019-04-04,True,Nickolaus,Schulz,Male,(667) 555-0175,,nickolaus@contoso.com,nickolaus@fabrikam.com,Sales
CID-408,Individual,VIP,1977-01-05,2018-09-05,True,Helga,Schustereit,Female,(463) 555-0129,(870) 555-0296,helga@contoso.com,,Sales
CID-409,Government,Local,1969-11-03,2020-08-03,True,Miloslav,Sedlar,Male,(609) 555-0115,,miloslav@contoso.com,,Services
CID-410,Individual,VIP,1983-02-02,2019-02-26,True,Gunay,Sen,Male,(920) 555-0173,,gunay@contoso.com,gunay@fabrikam.com,Sales
CID-411,Individual,Premium,1971-07-06,2018-01-15,False,Xavier,Serradelarca,Male,(361) 555-0151,,xavier@contoso.com,,Sales
CID-412,Government,Local,1998-08-23,2020-01-06,True,Julia,Serradesanferm,Female,(518) 555-0136,(909) 555-0281,julia@contoso.com,,Services
CID-413,Government,Local,1996-04-26,2021-02-19,True,Anja,Sever,Female,(954) 555-0166,(325) 555-0231,anja@contoso.com,,Services
CID-414,Individual,Standard,1961-05-03,2018-10-04,True,Ermenegildo,Siciliani,Male,(814) 555-0146,,ermenegildo@contoso.com,,Sales
CID-415,Individual,Premium,1946-04-14,2019-03-29,True,Fabiola,Siciliano,Female,(931) 555-0176,(814) 555-0259,fabiola@contoso.com,,Sales
CID-416,Individual,Premium,1929-07-09,2021-11-14,True,Vladimir,Sima,Male,(478) 555-0120,,vladimir@contoso.com,vladimir@fabrikam.com,Sales
CID-417,Individual,Standard,1986-02-19,2021-08-10,False,Hanno,Simon,Male,(337) 555-0136,(414) 555-0287,hanno@contoso.com,,Services
CID-418,Individual,Standard,1923-11-27,2019-08-21,True,Demet,Simsek,Female,(251) 555-0154,(215) 555-0255,demet@contoso.com,,Sales
CID-419,Individual,Premium,1953-06-14,2019-03-22,True,Bernd,Skopura,Male,(954) 555-0119,,bernd@contoso.com,,Sales
CID-420,Business,Partner,1991-03-19,2018-07-29,True,Matej,Skorepa,Male,(947) 555-0169,,matej@contoso.com,matej@fabrikam.com,Sales
CID-421,Business,SMB,1932-11-20,2019-12-15,True,Teodors,Skujins,Male,(630) 555-0101,,teodors@contoso.com,teodors@fabrikam.com,Sales
CID-422,Business,SMB,1959-08-14,2018-10-29,True,Liam,Small,Male,(808) 555-0115,,liam@contoso.com,liam@fabrikam.com,Sales
CID-423,Individual,Standard,1923-06-16,2021-05-31,True,Ludmila,Smidova,Female,(603) 555-0168,,ludmila@contoso.com,,Services
CID-424,Individual,Standard,1953-03-03,2018-01-03,True,Reed,Smith,Male,(254) 555-0144,,reed@contoso.com,,Sales
CID-425,Individual,VIP,1990-12-20,2020-09-16,True,Dominika,Sobczak,Female,(931) 555-0186,,dominika@contoso.com,,Sales
CID-426,Individual,Standard,1932-09-27,2021-01-21,True,Lluis,Sobregrau,Male,(267) 555-0112,(865) 555-0297,lluis@contoso.com,,Sales
CID-427,Individual,Premium,1980-04-14,2019-06-04,True,Krystyna,Sokolowska,Female,(804) 555-0199,,krystyna@contoso.com,,Sales
CID-428,Business,SMB,1946-04-08,2021-12-22,True,Eric,Solomon,Male,(231) 555-0151,,eric@contoso.com,,Sales
CID-429,Individual,Premium,1990-01-24,2019-05-08,True,Rudolf,Spousta,Male,(817) 555-0118,,rudolf@contoso.com,rudolf@fabrikam.com,Sales
CID-430,Individual,Premium,1985-11-21,2021-06-12,True,Grigorijs,Sprogis,Female,(281) 555-0169,,grigorijs@contoso.com,,Sales
CID-431,Individual,Premium,1985-09-04,2019-09-12,True,Lenka,Stastna,Female,(508) 555-0178,,lenka@contoso.com,,Sales
CID-432,Business,SMB,1971-08-02,2021-03-30,True,Mia,Steele,Female,(606) 555-0108,(720) 555-0267,mia@contoso.com,,Sales
CID-433,Individual,Standard,1953-06-09,2018-11-27,True,Tyler,Stein,Male,(970) 555-0103,,tyler@contoso.com,,Sales
CID-434,Individual,Standard,1923-01-16,2018-11-29,True,Veronika,Stejskalova,Female,(314) 555-0181,,veronika@contoso.com,,Sales
CID-435,Individual,VIP,1964-11-14,2018-02-19,True,Benjamin,Stuart,Male,(206) 555-0119,(210) 555-0246,benjamin@contoso.com,,Sales
CID-436,Business,Premier,1978-05-16,2020-05-12,True,Marc,Surinyach,Male,(530) 555-0174,,marc@contoso.com,,Sales
CID-437,Individual,Premium,1996-12-01,2018-09-29,True,Miroslav,Svoboda,Male,(631) 555-0121,(702) 555-0269,miroslav@contoso.com,,Services
CID-438,Business,Premier,1990-09-04,2019-08-03,True,Katerina,Sykorova,Female,(972) 555-0176,,katerina@contoso.com,,Sales
CID-439,Business,Premier,1965-08-01,2021-06-29,True,Bernadette,Sylvain,Female,(571) 555-0194,,bernadette@contoso.com,,Sales
CID-440,Individual,Standard,1976-08-12,2019-07-14,True,Isaac,Talbot,Male,(567) 555-0167,(339) 555-0253,isaac@contoso.com,isaac@fabrikam.com,Sales
CID-441,Individual,VIP,1932-09-19,2019-11-27,True,Lisa,Taylor,Female,(605) 555-0193,(239) 555-0246,lisa@contoso.com,,Sales
CID-442,Government,Local,1970-06-08,2021-01-18,True,Hulya,Tekin,Female,(619) 555-0134,(712) 555-0254,hulya@contoso.com,hulya@fabrikam.com,Services
CID-443,Individual,Standard,1940-04-25,2019-03-22,True,Kiros,Teklay,Male,(716) 555-0130,(334) 555-0229,kiros@contoso.com,,Sales
CID-444,Individual,Premium,1995-07-07,2020-10-13,True,Yordanos,Tesfaye,Female,(432) 555-0152,,yordanos@contoso.com,,Sales
CID-445,Business,SMB,1995-06-12,2021-05-02,True,Cora,Thomas,Female,(970) 555-0165,,cora@contoso.com,,Services
CID-446,Government,Local,1977-12-02,2021-03-08,True,Monica,Thompson,Female,(714) 555-0109,,monica@contoso.com,,Services
CID-447,Government,State,1972-07-09,2018-12-23,True,Piotr,Tomaszewski,Male,(559) 555-0165,,piotr@contoso.com,,Services
CID-448,Business,SMB,1976-06-06,2018-10-01,True,Milena,Tomazic,Female,(929) 555-0195,,milena@contoso.com,,Sales
CID-449,Individual,Premium,1981-01-29,2020-11-08,True,Stanislav,Tomek,Male,(601) 555-0115,,stanislav@contoso.com,,Sales
CID-450,Individual,Standard,1973-11-08,2018-11-07,True,Rhodri,Tomos,Male,(859) 555-0130,,rhodri@contoso.com,,Sales
CID-451,Business,SMB,1957-01-25,2020-05-19,True,Rafel,Tornafoch,Male,(479) 555-0187,,rafel@contoso.com,,Sales
CID-452,Individual,Standard,1950-03-08,2018-06-03,False,Devon,Torres,Male,(551) 555-0110,,devon@contoso.com,,Sales
CID-453,Individual,Standard,1951-04-24,2019-09-12,True,Jose,Torrez,Male,(205) 555-0170,,jose@contoso.com,,Sales
CID-454,Government,State,1961-01-14,2020-06-01,True,Isabella,Toscano,Female,(432) 555-0180,,isabella@contoso.com,,Sales
CID-455,Individual,Standard,1991-11-20,2020-03-07,False,Mattia,Trentini,Male,(810) 555-0174,,mattia@contoso.com,,Sales
CID-456,Individual,Premium,1973-07-21,2018-05-05,True,Maximilian,Tropschuh,Male,(310) 555-0191,,maximilian@contoso.com,,Sales
CID-457,Individual,Premium,1957-11-22,2021-10-09,True,Kidane,Tsehaye,Male,(704) 555-0170,,kidane@contoso.com,kidane@fabrikam.com,Sales
CID-458,Individual,Premium,1937-08-05,2021-07-20,True,Esra,Turan,Female,(478) 555-0123,(321) 555-0243,esra@contoso.com,esra@fabrikam.com,Sales
CID-459,Individual,VIP,1982-08-21,2019-09-11,True,Teodors,Turins,Female,(909) 555-0118,(505) 555-0200,teodors@contoso.com,teodors@fabrikam.com,Sales
CID-460,Individual,Premium,1960-07-09,2018-09-02,True,Matej,Turk,Male,(985) 555-0149,,matej@contoso.com,,Sales
CID-461,Individual,Standard,1988-03-11,2020-04-27,True,Ellis,Turner,Female,(657) 555-0174,,ellis@contoso.com,,Sales
CID-462,Individual,Standard,1953-01-08,2019-03-26,True,Adalberto,Udinese,Male,(725) 555-0111,(702) 555-0200,adalberto@contoso.com,,Services
CID-463,Business,SMB,1987-08-08,2020-07-18,True,Lodovico,Udinesi,Male,(725) 555-0126,(218) 555-0260,lodovico@contoso.com,,Sales
CID-464,Individual,Premium,1954-12-29,2021-06-24,True,Melis,Unal,Female,(706) 555-0165,,melis@contoso.com,,Sales
CID-465,Government,Local,1954-10-07,2019-06-04,True,Ivana,Ursic,Female,(601) 555-0101,(339) 555-0299,ivana@contoso.com,,Services
CID-466,Individual,Premium,1941-08-25,2021-03-10,True,Adam,Vacha,Male,(706) 555-0129,,adam@contoso.com,,Sales
CID-467,Individual,Premium,1976-07-17,2018-12-28,True,Alena,Valentova,Female,(410) 555-0137,,alena@contoso.com,,Sales
CID-468,Business,SMB,1981-02-02,2018-01-08,True,Filips,Vanags,Female,(952) 555-0124,,filips@contoso.com,,Sales
CID-469,Individual,Premium,1966-04-18,2019-04-23,True,Blanka,Vejvodova,Female,(434) 555-0109,,blanka@contoso.com,,Sales
CID-470,Government,Local,1952-12-08,2021-10-07,True,Marjan,Vidmar,Male,(985) 555-0196,(480) 555-0278,marjan@contoso.com,,Services
CID-471,Individual,Standard,1966-12-26,2019-05-10,True,Laimonis,Viksna,Female,(304) 555-0146,,laimonis@contoso.com,,Sales
CID-472,Government,State,1958-07-02,2018-04-04,True,Alfons,Vitols,Female,(860) 555-0179,,alfons@contoso.com,,Services
CID-473,Individual,Premium,1958-10-02,2020-04-12,True,Immanuel,Vogel,Male,(843) 555-0121,,immanuel@contoso.com,,Sales
CID-474,Business,Premier,1986-10-14,2021-12-21,True,Nicole,Wagner,Female,(712) 555-0183,,nicole@contoso.com,nicole@fabrikam.com,Sales
CID-475,Individual,Standard,1990-09-07,2020-11-28,True,Sophie,Walter,Female,(856) 555-0126,,sophie@contoso.com,,Sales
CID-476,Government,Local,1979-06-27,2019-08-16,True,Oscar,Ward,Male,(303) 555-0179,,oscar@contoso.com,,Services
CID-477,Individual,Premium,1970-06-03,2018-07-06,True,Hannah,Weber,Female,(626) 555-0131,(407) 555-0211,hannah@contoso.com,,Sales
CID-478,Individual,Premium,1959-02-17,2020-01-24,True,Christoph,Werner,Male,(417) 555-0165,,christoph@contoso.com,,Sales
CID-479,Government,State,1987-03-11,2018-04-03,True,Artur,Wieczorek,Male,(214) 555-0139,,artur@contoso.com,,Services
CID-480,Individual,Standard,1954-10-05,2018-03-27,True,Jennifer,Wilkins,Female,(380) 555-0175,,jennifer@contoso.com,,Sales
CID-481,Individual,Premium,1950-09-23,2018-02-13,True,Dylan,Williams,Male,(740) 555-0109,(323) 555-0269,dylan@contoso.com,,Sales
CID-482,Individual,Standard,1961-12-21,2018-05-17,True,Adrian,Wilske,Male,(812) 555-0147,,adrian@contoso.com,,Sales
CID-483,Individual,Standard,1981-04-03,2019-02-25,True,Olivia,Wilson,Female,(934) 555-0138,(435) 555-0222,olivia@contoso.com,olivia@fabrikam.com,Sales
CID-484,Individual,VIP,1990-05-06,2018-03-15,True,Zofia,Wisniewska,Female,(330) 555-0165,,zofia@contoso.com,zofia@fabrikam.com,Sales
CID-485,Individual,Standard,1955-02-03,2021-03-25,True,Justyna,Wojciechowska,Female,(518) 555-0135,(307) 555-0226,justyna@contoso.com,justyna@fabrikam.com,Sales
CID-486,Government,Federal,1955-09-23,2021-07-02,True,Abreham,Wolday,Male,(619) 555-0156,,abreham@contoso.com,abreham@fabrikam.com,Services
CID-487,Individual,Standard,1951-10-27,2018-06-20,True,Gebre Egziabher,Wolde Mariam,Male,(404) 555-0165,(484) 555-0254,gebre egziabher@contoso.com,,Sales
CID-488,Individual,Standard,1963-12-01,2018-06-19,True,Klarissa,Wolf,Female,(954) 555-0114,,klarissa@contoso.com,klarissa@fabrikam.com,Sales
CID-489,Government,State,1965-08-28,2020-05-21,True,Lara,Wolfe,Female,(214) 555-0127,,lara@contoso.com,,Services
CID-490,Business,Premier,1995-05-24,2021-04-03,True,Gabriel,Woods,Male,(520) 555-0123,(319) 555-0296,gabriel@contoso.com,gabriel@fabrikam.com,Sales
CID-491,Individual,Premium,1952-04-19,2019-04-01,True,Blazej,Wozniak,Male,(501) 555-0177,,blazej@contoso.com,,Sales
CID-492,Individual,Premium,1981-12-03,2020-08-01,True,Lois,Wyn,Female,(603) 555-0187,,lois@contoso.com,lois@fabrikam.com,Sales
CID-493,Individual,Premium,1968-11-30,2020-02-29,True,Agnieszka,Wysocka,Female,(626) 555-0157,,agnieszka@contoso.com,,Services
CID-494,Individual,Premium,1950-06-05,2019-09-05,True,Jakub,Wysocki,Male,(608) 555-0169,,jakub@contoso.com,jakub@fabrikam.com,Sales
CID-495,Individual,Premium,1951-04-24,2021-03-24,True,Yigit,Yalcin,Male,(270) 555-0144,,yigit@contoso.com,,Sales
CID-496,Individual,Standard,1945-04-17,2020-06-07,True,Kerem,Yavuz,Male,(231) 555-0177,,kerem@contoso.com,,Sales
CID-497,Individual,Premium,1994-08-24,2018-12-15,True,Mehmet,Yildirim,Male,(540) 555-0179,,mehmet@contoso.com,mehmet@fabrikam.com,Sales
CID-498,Individual,Standard,1988-04-26,2021-04-11,True,Elif,Yildiz,Female,(786) 555-0195,,elif@contoso.com,,Sales
CID-499,Government,Federal,1956-11-10,2018-01-10,True,Ali,Yilmaz,Male,(630) 555-0119,,ali@contoso.com,ali@fabrikam.com,Sales
CID-500,Government,Federal,1993-11-29,2021-12-27,True,Miha,Zagar,Male,(224) 555-0137,,miha@contoso.com,,Services
CID-501,Individual,Standard,1969-10-05,2021-07-12,True,Milos,Zahradnicek,Male,(725) 555-0122,,milos@contoso.com,milos@fabrikam.com,Sales
CID-502,Individual,Premium,1962-10-28,2021-06-24,True,Mateja,Zajc,Female,(517) 555-0115,,mateja@contoso.com,,Sales
CID-503,Individual,VIP,1976-06-04,2019-10-29,True,Jakub,Zawadzki,Male,(714) 555-0168,,jakub@contoso.com,,Sales
CID-504,Business,SMB,1937-01-29,2019-06-30,True,Antonin,Zelinka,Male,(607) 555-0177,,antonin@contoso.com,,Sales
CID-505,Individual,Premium,1952-04-17,2018-05-09,True,Aira,Zeltina,Male,(817) 555-0194,,aira@contoso.com,,Sales
CID-506,Individual,VIP,1951-06-04,2019-08-24,True,Irbe,Ziemele,Female,(762) 555-0169,,irbe@contoso.com,,Sales
CID-507,Government,Local,1937-01-13,2019-08-28,True,Mia,Zimmermann,Female,(414) 555-0113,,mia@contoso.com,,Services
CID-508,Business,Premier,1977-05-27,2018-11-23,True,Ilga,Zirne,Male,(734) 555-0145,,ilga@contoso.com,,Services
CID-509,Government,Local,1996-10-02,2020-09-06,True,Sonja,Zorko,Female,(970) 555-0114,,sonja@contoso.com,,Services
CID-510,Business,Partner,1948-10-17,2019-02-08,True,Luka,Zupan,Male,(307) 555-0116,,luka@contoso.com,luka@fabrikam.com,Sales
CID-511,Individual,VIP,1955-05-12,2019-09-21,True,Jozica,Zupanc,Female,(650) 555-0153,,jozica@contoso.com,,Sales
CID-512,Individual,VIP,1995-03-01,2021-10-14,True,Jozef,Zupancic,Male,(307) 555-0197,(435) 555-0273,jozef@contoso.com,,Sales
CID-513,Government,Local,1975-03-13,2019-12-19,True,Alida,Zvirbule,Male,(910) 555-0126,,alida@contoso.com,,Services
